<?xml version="1.0" encoding="utf-8"?>
<fileSnapshot xmlns:xsd="http://www.w3.org/2001/XMLSchema" xmlns:xsi="http://www.w3.org/2001/XMLSchema-instance">
  <files>
    <file path="C:\ProgramData\chocolatey\lib\tablacus\tablacus.nupkg" checksum="38A7925DB09A5D7A5B78A2550AE628B9" />
    <file path="C:\ProgramData\chocolatey\lib\tablacus\tablacus.nuspec" checksum="DE6510F291D947A3AB131AB1438FDC1B" />
    <file path="C:\ProgramData\chocolatey\lib\tablacus\te190503.zip.txt" checksum="72BC5093DED1862F63DDAD944AC66238" />
    <file path="C:\ProgramData\chocolatey\lib\tablacus\legal\LICENSE.txt" checksum="231DE705D3C6516AD5990939CCBF2F51" />
    <file path="C:\ProgramData\chocolatey\lib\tablacus\legal\VERIFICATION.txt" checksum="0720F970FCD04297D4A3AB3EF9B87614" />
    <file path="C:\ProgramData\chocolatey\lib\tablacus\tools\chocolateyInstall.ps1" checksum="156BE7FDBDC8413A00E548BE75747AB3" />
    <file path="C:\ProgramData\chocolatey\lib\tablacus\tools\readme.txt" checksum="7718F9734004D5C17244C5555CB61B30" />
    <file path="C:\ProgramData\chocolatey\lib\tablacus\tools\readme_jp.txt" checksum="BFA61ECFE3BF116F739F13C009883867" />
    <file path="C:\ProgramData\chocolatey\lib\tablacus\tools\TE32.exe" checksum="19FB3AB873A7DA24C2F5220202353D8A" />
    <file path="C:\ProgramData\chocolatey\lib\tablacus\tools\TE64.exe" checksum="A16D98F36AF8EDA2C34B6E1B5858F735" />
    <file path="C:\ProgramData\chocolatey\lib\tablacus\tools\addons\addressbar\config.xml" checksum="E02FB3A954392552489E47C0697F69D8" />
    <file path="C:\ProgramData\chocolatey\lib\tablacus\tools\addons\addressbar\script.js" checksum="F4755091F0346D31984E580E386581EF" />
    <file path="C:\ProgramData\chocolatey\lib\tablacus\tools\addons\back\config.xml" checksum="8D0B2FFA26D60EFE35956DF39415064A" />
    <file path="C:\ProgramData\chocolatey\lib\tablacus\tools\addons\back\script.js" checksum="306078A1CDCA3777021CD78D864CF861" />
    <file path="C:\ProgramData\chocolatey\lib\tablacus\tools\addons\download\config.xml" checksum="59EEC4DD9AA2B82196EAB8ED20E6E29C" />
    <file path="C:\ProgramData\chocolatey\lib\tablacus\tools\addons\download\options.html" checksum="A084A24FD3A97327A417DCE42550CFA3" />
    <file path="C:\ProgramData\chocolatey\lib\tablacus\tools\addons\download\script.js" checksum="B1204D61C7C436EE7328B56482637067" />
    <file path="C:\ProgramData\chocolatey\lib\tablacus\tools\addons\extract\config.xml" checksum="D9D047FF65096B5B851BF1A76CC47CD7" />
    <file path="C:\ProgramData\chocolatey\lib\tablacus\tools\addons\extract\options.html" checksum="8A22B08A2C429482DE5DCB60EFB81886" />
    <file path="C:\ProgramData\chocolatey\lib\tablacus\tools\addons\extract\script.js" checksum="1140E21568FCC6DD8B5F248AB3E887DE" />
    <file path="C:\ProgramData\chocolatey\lib\tablacus\tools\addons\filterbar\config.xml" checksum="6636D809788D9D82856BC9D33D0FF047" />
    <file path="C:\ProgramData\chocolatey\lib\tablacus\tools\addons\filterbar\filter.png" checksum="6E5DBDB4F92DD3711DC6AE99626F95FC" />
    <file path="C:\ProgramData\chocolatey\lib\tablacus\tools\addons\filterbar\script.js" checksum="B7344CFA01B5866F9685C7BC96E1BA12" />
    <file path="C:\ProgramData\chocolatey\lib\tablacus\tools\addons\forward\config.xml" checksum="A92BE4B74E7DA0EF1D30B89BA19E8FE9" />
    <file path="C:\ProgramData\chocolatey\lib\tablacus\tools\addons\forward\script.js" checksum="CB5B09F0CF03BE24588CFBE1E92316BE" />
    <file path="C:\ProgramData\chocolatey\lib\tablacus\tools\addons\key\config.xml" checksum="103B8804E538B9D487CA866CF8A7D01A" />
    <file path="C:\ProgramData\chocolatey\lib\tablacus\tools\addons\key\options.html" checksum="B9AC186AAD4A07EF36B0555F0D62F30A" />
    <file path="C:\ProgramData\chocolatey\lib\tablacus\tools\addons\key\options.js" checksum="1FC800C5453BEDAEFCA3AA4720412969" />
    <file path="C:\ProgramData\chocolatey\lib\tablacus\tools\addons\key\script.js" checksum="BC89906ECF6502E4736A4435412D9FE2" />
    <file path="C:\ProgramData\chocolatey\lib\tablacus\tools\addons\mainmenu\config.xml" checksum="563250AB370BF708CD68E9006B2D6CD0" />
    <file path="C:\ProgramData\chocolatey\lib\tablacus\tools\addons\mainmenu\script.js" checksum="3B072B09E4C02D7B7E3DAE0DB6EE0217" />
    <file path="C:\ProgramData\chocolatey\lib\tablacus\tools\addons\mouse\config.xml" checksum="C15938BD981CE773C4A9039DF18C5FD4" />
    <file path="C:\ProgramData\chocolatey\lib\tablacus\tools\addons\mouse\options.html" checksum="C0C34B03A510E4D6E095C79BA27AE8CC" />
    <file path="C:\ProgramData\chocolatey\lib\tablacus\tools\addons\mouse\options.js" checksum="E367BF44760F942229FA2DF7FCFD51EC" />
    <file path="C:\ProgramData\chocolatey\lib\tablacus\tools\addons\mouse\script.js" checksum="4794CA225D265FBD36D0E9E9CF97E336" />
    <file path="C:\ProgramData\chocolatey\lib\tablacus\tools\addons\multithread\config.xml" checksum="7794CC52305CB9C6633E7C12401F9FA3" />
    <file path="C:\ProgramData\chocolatey\lib\tablacus\tools\addons\multithread\script.js" checksum="B2EB76260DCEC15DB92A1391DCA14B9B" />
    <file path="C:\ProgramData\chocolatey\lib\tablacus\tools\addons\remember\config.xml" checksum="79D686601AA45627DF4AC60F81F52422" />
    <file path="C:\ProgramData\chocolatey\lib\tablacus\tools\addons\remember\options.html" checksum="8B7783F7C95443C93AAFED64B79127C4" />
    <file path="C:\ProgramData\chocolatey\lib\tablacus\tools\addons\remember\script.js" checksum="41217EA7BA3AD4DB1727DDC69F7CBF09" />
    <file path="C:\ProgramData\chocolatey\lib\tablacus\tools\addons\tabplus\config.xml" checksum="4E6C93AFE8CEC39BE342C4CF9DFC1FED" />
    <file path="C:\ProgramData\chocolatey\lib\tablacus\tools\addons\tabplus\options.html" checksum="2D442F7B9FF6350A0B6E698C6B2234C4" />
    <file path="C:\ProgramData\chocolatey\lib\tablacus\tools\addons\tabplus\script.js" checksum="03222E755432B8B0A3AD5AB67624AF25" />
    <file path="C:\ProgramData\chocolatey\lib\tablacus\tools\addons\titlebar\config.xml" checksum="C3B2FCA34233433FF6502923F62C494F" />
    <file path="C:\ProgramData\chocolatey\lib\tablacus\tools\addons\titlebar\script.js" checksum="47978473C6C0452CA3CA550A2EAA3802" />
    <file path="C:\ProgramData\chocolatey\lib\tablacus\tools\addons\toolbar\config.xml" checksum="3C7BE1DD1C777C7D19C1BFF4595A9E3D" />
    <file path="C:\ProgramData\chocolatey\lib\tablacus\tools\addons\toolbar\options.html" checksum="3E28EDAD71C7F14E882B72398EA4B146" />
    <file path="C:\ProgramData\chocolatey\lib\tablacus\tools\addons\toolbar\options.js" checksum="425DA39C587FF75FB67DDE570484E99D" />
    <file path="C:\ProgramData\chocolatey\lib\tablacus\tools\addons\toolbar\script.js" checksum="9CADC319B496AC6C5D52E9586F58317A" />
    <file path="C:\ProgramData\chocolatey\lib\tablacus\tools\addons\treeview\config.xml" checksum="09FFB15B536A3DC3B8B82F0E7ACAB427" />
    <file path="C:\ProgramData\chocolatey\lib\tablacus\tools\addons\treeview\script.js" checksum="8A1B5B9074F5399267015ADC1B67071D" />
    <file path="C:\ProgramData\chocolatey\lib\tablacus\tools\addons\undoclosetab\config.xml" checksum="4C7FEAE157AEF04AC9883727921527F4" />
    <file path="C:\ProgramData\chocolatey\lib\tablacus\tools\addons\undoclosetab\script.js" checksum="58CE881C270C34EE3053A9005DC959E9" />
    <file path="C:\ProgramData\chocolatey\lib\tablacus\tools\addons\undoclosetab\lang\ja.xml" checksum="A5C171863A3821DF4755448B12D468C2" />
    <file path="C:\ProgramData\chocolatey\lib\tablacus\tools\addons\up\config.xml" checksum="733840C80A81169D287F9BA156DFD342" />
    <file path="C:\ProgramData\chocolatey\lib\tablacus\tools\addons\up\script.js" checksum="E2A437B32729E7DF56CF7CE2B0731C20" />
    <file path="C:\ProgramData\chocolatey\lib\tablacus\tools\init\addons.xml" checksum="DF63BCF3AFA50576B0760775DA227D8B" />
    <file path="C:\ProgramData\chocolatey\lib\tablacus\tools\init\key.xml" checksum="DC34F68D14FFD21E08A5257B44E3F70C" />
    <file path="C:\ProgramData\chocolatey\lib\tablacus\tools\init\menus.xml" checksum="D4950A3E7A4397A322E50AD5E68C9219" />
    <file path="C:\ProgramData\chocolatey\lib\tablacus\tools\init\mouse.xml" checksum="B13E86FD63ADBE03D319FBBCA841C966" />
    <file path="C:\ProgramData\chocolatey\lib\tablacus\tools\lang\de.xml" checksum="82FE40D356CDF327FB71EAC7AA85567A" />
    <file path="C:\ProgramData\chocolatey\lib\tablacus\tools\lang\en.xml" checksum="C3635D745F5A14F837AC618BB812540E" />
    <file path="C:\ProgramData\chocolatey\lib\tablacus\tools\lang\es.xml" checksum="5A11DB9A59574175A4B64B9343187329" />
    <file path="C:\ProgramData\chocolatey\lib\tablacus\tools\lang\fr.xml" checksum="F7D3213AD968C39BE53DF66D2C80F009" />
    <file path="C:\ProgramData\chocolatey\lib\tablacus\tools\lang\it.xml" checksum="A6E71A43C3186CA8022C58590199C74E" />
    <file path="C:\ProgramData\chocolatey\lib\tablacus\tools\lang\ja.xml" checksum="13B034FDF823E2A5C94EB4A5EE9E3B3B" />
    <file path="C:\ProgramData\chocolatey\lib\tablacus\tools\lang\pt.xml" checksum="0D62B659D7F7F24AA3C2A3DE563EF2C5" />
    <file path="C:\ProgramData\chocolatey\lib\tablacus\tools\lang\ru.xml" checksum="E66C47E5A368FCB8091986782102E629" />
    <file path="C:\ProgramData\chocolatey\lib\tablacus\tools\lang\tr.xml" checksum="B94D7F7612C615FF52B342F1DD4222CC" />
    <file path="C:\ProgramData\chocolatey\lib\tablacus\tools\lang\zh.xml" checksum="3E8D941FAC0A72BA619C0653194E3F3C" />
    <file path="C:\ProgramData\chocolatey\lib\tablacus\tools\lang\zh_cn.xml" checksum="3639DDA464350F9ABF80678F63B1EED8" />
    <file path="C:\ProgramData\chocolatey\lib\tablacus\tools\layout\1tab.xml" checksum="3878C81DFB2C3C6DDF3337D2111AE5EC" />
    <file path="C:\ProgramData\chocolatey\lib\tablacus\tools\layout\4tabs.xml" checksum="6521E156E3A7ED636B59AE68B18B3C2E" />
    <file path="C:\ProgramData\chocolatey\lib\tablacus\tools\layout\bottom_tab.xml" checksum="8F07B8C61826EEBEC36F12BBAFF4267B" />
    <file path="C:\ProgramData\chocolatey\lib\tablacus\tools\layout\h2tabs.xml" checksum="1027EC6D98AA114E7B107B7F1E7A4D5D" />
    <file path="C:\ProgramData\chocolatey\lib\tablacus\tools\layout\left_tab.xml" checksum="8BA2C0721E92D29CF219960ADD76848D" />
    <file path="C:\ProgramData\chocolatey\lib\tablacus\tools\layout\right_tab.xml" checksum="8E6D1B28A31B0FF9E286BE34D4C3E4DC" />
    <file path="C:\ProgramData\chocolatey\lib\tablacus\tools\layout\tree_1tab.xml" checksum="2FBF06F2971683721E8C0AD6EEB2CEC5" />
    <file path="C:\ProgramData\chocolatey\lib\tablacus\tools\layout\tree_2tabs.xml" checksum="444F782DDEEEBFF97D15E70031AED71B" />
    <file path="C:\ProgramData\chocolatey\lib\tablacus\tools\layout\v2tabs.xml" checksum="3D836E188657C612D58DF2FBF49BA8A0" />
    <file path="C:\ProgramData\chocolatey\lib\tablacus\tools\layout\vertical_tab.xml" checksum="03FE152295957E548916FEC444A7B5B5" />
    <file path="C:\ProgramData\chocolatey\lib\tablacus\tools\script\background.js" checksum="E559B1926A6A635F1E5E7630CFA38933" />
    <file path="C:\ProgramData\chocolatey\lib\tablacus\tools\script\common.js" checksum="09C18A846DD00CF0E002F7514E794CB3" />
    <file path="C:\ProgramData\chocolatey\lib\tablacus\tools\script\consts.js" checksum="4B7ACB6B44C4843EF68B96B0BBCA6CF7" />
    <file path="C:\ProgramData\chocolatey\lib\tablacus\tools\script\dialog.html" checksum="24922EB1E14A4219BA80CFDAA02D5996" />
    <file path="C:\ProgramData\chocolatey\lib\tablacus\tools\script\index.css" checksum="B47CE5101C5DAC5F6340A6FB0FA6F273" />
    <file path="C:\ProgramData\chocolatey\lib\tablacus\tools\script\index.html" checksum="58699C327B2424479F4439017C5E301B" />
    <file path="C:\ProgramData\chocolatey\lib\tablacus\tools\script\index.js" checksum="22D50288DC375C61A82313BE519692BB" />
    <file path="C:\ProgramData\chocolatey\lib\tablacus\tools\script\location.html" checksum="7FACCC2853D7E37096B63A0169176342" />
    <file path="C:\ProgramData\chocolatey\lib\tablacus\tools\script\options.css" checksum="E8E59973F04233F792BEF0325AB62420" />
    <file path="C:\ProgramData\chocolatey\lib\tablacus\tools\script\options.html" checksum="16683A8BBD4BE2C4FBC8F41AB9C5CDBA" />
    <file path="C:\ProgramData\chocolatey\lib\tablacus\tools\script\options.js" checksum="1BCDAA36D910CED64E2DAA79713B4B31" />
    <file path="C:\ProgramData\chocolatey\lib\tablacus\tools\script\update.js" checksum="3AAEE1960910876944C31DC48C81DFFB" />
  </files>
</fileSnapshot>